{"max_jet": [-0.20697254404784604, 2.7639858645882196, 3.1415904337574023, 0.0, 255.0], "min_jet": [-2.477872823770079, -2.7400159069077086, -3.141592474153047, -21.008881442791935, 1.0], "max_particle": [0.0, 1.447436834136745, 1.4146672368378042], "min_particle": [-36.7368005696771, -1.4349403055333165, -1.3781090319125529], "mean_jet": [-0.8393439778706197, -0.0004816355907884836, -0.00041526740723667665, -2.9192212600131033, 57.28795230769231], "std_jet": [0.18137747350057454, 0.7214922762976262, 1.813519449832815, 0.7506415560199126, 29.476806090797023], "mean_particle": [-0.01949277322948531, 5.4414988189758786e-05, 6.32661362430176e-05], "std_particle": [0.0657992146269005, 0.266641906926908, 0.2629490275067869]}