{"max_jet": [8.083722114562988, 2.778135061264038, 3.1415903568267822, 7.366116523742676, 100.0], "min_jet": [5.839558124542236, -2.7465991973876953, -3.141592502593994, -11.436927795410156, 1.0], "max_particle": [0.0, 6.234084606170654, 3.1415772438049316], "min_particle": [-8.672072410583496, -5.941030979156494, -3.141566276550293], "mean_jet": [7.0946455001831055, 6.722594116581604e-05, -0.0014742648927494884, 5.0677337646484375, 60.305747985839844], "std_jet": [0.17589759826660156, 0.7304352521896362, 1.8128310441970825, 0.741434633731842, 27.161211013793945], "mean_particle": [-0.015261445194482803, -8.694170537637547e-05, -1.570701351738535e-05], "std_particle": [0.06256655603647232, 0.549871027469635, 0.3908460736274719]}