{"max_jet": [4115.5830078125, 2.778135061264038, 1615.68994140625, 30.0], "min_jet": [315.3514099121094, -2.7465991973876953, 0.9343360066413879, 2.0], "max_particle": [1.0, 1.099990725517273, 1.0997462272644043], "min_particle": [0.00017130374908447266, -1.0998375415802002, -1.0999157428741455], "mean_jet": [-1.1203660860266462, -0.012400088470896386, -2.2003427782206724, 11.87435045608034], "std_jet": [0.36445273740451006, 0.5775847734529698, 0.8472796584541771, 4.580925532711017], "mean_particle": [2.8659613132476807, -7.502861262764782e-05, 0.00039418748929165304], "std_particle": [1.77548086643219, 0.428616464138031, 0.4049812853336334]}