{"max": [2172.4126443106834, 4.637759745601208, 6.622383321388227, 2920.935546875, 2.5419127802070705, 3.5197628817592914, 1337.0982346862086, 100.0], "min": [0.0, -5.007014378741992, -6.5569658416278, 406.97052001953125, -2.6001851558685303, -3.3622760387472397, -2.6428999262861907e-05, 1.0], "mean": [13.672066669609693, 0.0009266611343655242, -0.0030355106660596965, 1288.5977198841747, 0.0005835423953281935, -0.0035685823975895453, 205.07245438330693, 60.29508], "std": [49.797637286348426, 0.759878666907732, 1.8427743445016131, 215.733254346679, 0.7302577347715559, 1.813358412041428, 150.1526657835834, 27.156192806093145]}