{"max_jet": [8.01185131072998, 2.778135061264038, 3.1415903568267822, 7.210456371307373, 30.0], "min_jet": [5.839558124542236, -2.743953227996826, -3.141592502593994, -11.436927795410156, 1.0], "max_particle": [0.0, 5.63406229019165, 3.141540765762329], "min_particle": [-8.557774543762207, -5.72450065612793, -3.1415255069732666], "mean_jet": [7.122782230377197, -5.9686312852136325e-06, -0.0005646932404488325, 5.087709426879883, 28.869096755981445], "std_jet": [0.16250775754451752, 0.7317641377449036, 1.812991976737976, 0.7461539506912231, 3.4791154861450195], "mean_particle": [-0.032812125980854034, 8.785000682109967e-05, 2.7942949600401334e-05], "std_particle": [0.08687787503004074, 0.4443516433238983, 0.31004175543785095]}